"AU Beauty Poster 合规评测集 v3",""
"对应文档","PRD V2.0（2026-09-03）· Australia · Beauty · Image/Poster · Visible text"
"规模","80 条 = 24 Hard Negative + 18 Fix + 14 Need Input + 10 Outside Scope + 8 OCR 压力 + 6 Prompt 一致性"
"与上一版的区别","上一版审的是纯文本。本版审的是海报画面上的可见文字，因此新增 OCR 压力与 Prompt 一致性两组。"
"怎么用",""
"第 1 步","把 D 列的 Prompt 输入 Canva AI，生成海报。"
"第 2 步","确认海报画面上的文字与 E 列一致；不一致就手动调整文字层，使其与 E 列相符。"
"第 3 步","按 G–L 列设置 Context 六个字段（国家/行业/产品类型/监管身份/渠道/格式）。"
"第 4 步","等待自动审核，在黄色列里填实测结果。"
"第 5 步","全部跑完后看「结果汇总」，七个指标自动算出。"
"只填黄色列","Q 到 U 五列。其余不要改，改了统计会错。"
"三组最关键的用例",""
"PC-01 / PC-02","Prompt 与海报不一致。**这两条直接验证 PRD 的核心原则「审成品不审 Prompt」**，答错任何一条，核心原则即告失败。"
"OC-07","文字图层记录的内容与画面实际显示不符。测系统读的到底是数据还是画面。"
"OC-01 / OC-05","声明可能存在但读不清。**低置信时既不能假装完整，也不能直接判为缺失。**"
"判定口径",""
"状态判对","实测状态 = 期望状态。措辞按产品原文填。"
"提取是否正确","系统读出的文字与海报画面是否一致。**这是本版新增的判定维度**——判断对错之前，先看它有没有读对。"
"定位是否正确","问题是否指向了正确的画面区域（主标题/正文/脚注/角标）。"
"依据是否正确","状态判对时才有意义。理由说错但状态碰巧对，仍记为依据错误。"
"OCR 压力组的特殊约定","OC-02 与 OC-03 若系统高置信正确读出文字并给出 Fix，记为正确；读不出而返回「暂时无法检查」也记为正确。**错误只有一种：读不清却给了确定结论。**请在备注注明实际走的是哪条路径。"
"红线数值","本表不预设通过阈值。先跑出第一版基线，再结合用户可接受的误报次数确定。唯一现在就锁死的原则：误拦截的门槛必须严于漏检。"
"局限","海报与文案均为虚构测试材料，不针对任何真实品牌。所有判定为「在本研究标注框架下」的分类结果，不构成法律意见。"